District,State,Hispanic,White,Black,AmericanIndian,Asian,PacificIslander,Other,Multiple races,Total
1,Alabama,"21,301","459,077","198,856","7,576","8,928",0,"2,145","8,419","706,302"
2,Alabama,"20,532","427,396","216,982","1,696","6,608",303,382,"12,723","686,622"
3,Alabama,"21,104","479,091","176,836","1,627","10,658",92,295,"14,283","703,986"
4,Alabama,"43,398","574,436","48,879","2,623","2,811",713,274,"11,551","684,685"
5,Alabama,"35,846","516,031","123,324","3,320","11,638",315,"1,177","17,321","708,972"
6,Alabama,"29,320","538,323","108,578","1,348","13,495",140,156,"9,331","700,691"
7,Alabama,"21,369","209,722","423,226",879,"4,780","1,003","1,161","5,581","667,721"
1,Alaska,"51,825","452,472","24,739","98,300","45,753","6,341","2,201","56,801","738,432"
1,Arizona,"173,716","367,186","17,414","172,010","12,557",740,705,"15,335","759,663"
2,Arizona,"198,714","442,634","28,137","4,082","21,173","1,369","1,557","15,965","713,631"
3,Arizona,"456,969","221,280","34,009","25,450","12,041",510,430,"10,799","761,488"
4,Arizona,"133,985","558,619","11,222","11,107","7,539",295,722,"15,885","739,374"
5,Arizona,"135,888","557,501","24,841","10,090","40,044","2,266",720,"18,050","789,400"
6,Arizona,"136,609","523,591","22,276","11,536","37,055",516,"1,062","17,163","749,808"
7,Arizona,"483,297","165,079","73,799","18,393","16,438","1,540",605,"10,446","769,597"
8,Arizona,"151,171","530,605","34,660","4,687","26,397","1,358",767,"18,336","767,981"
9,Arizona,"228,062","435,768","36,360","18,777","37,678","1,369",383,"18,726","777,123"
1,Arkansas,"22,144","549,920","131,086","2,855","3,594",345,485,"11,973","722,402"
2,Arkansas,"38,273","522,627","170,813","2,558","12,693",174,"1,287","12,923","761,348"
3,Arkansas,"107,386","590,908","25,783","8,474","21,434","7,022",766,"20,944","782,717"
4,Arkansas,"39,940","511,479","138,804","4,334","4,211",10,"1,288","11,671","711,737"
1,California,"93,326","549,013","9,826","12,150","21,051",979,464,"23,535","710,344"
2,California,"127,669","510,969","10,985","12,406","28,491",528,"3,594","25,704","720,346"
3,California,"219,724","346,918","44,574","4,442","78,842","2,564","1,041","33,670","731,775"
4,California,"95,371","550,151","11,484","4,171","34,283","1,281",317,"25,255","722,313"
5,California,"204,335","363,984","42,059","2,371","84,593","3,238","3,443","29,389","733,412"
6,California,"221,525","274,434","89,216","2,857","113,490","9,148","3,675","36,498","750,843"
7,California,"117,592","403,435","54,034","1,941","118,280","7,354",690,"35,743","739,069"
8,California,"281,062","330,270","54,652","6,384","20,492","2,249","1,134","20,156","716,399"
9,California,"280,689","262,632","64,806","1,337","104,780","3,850","1,347","27,338","746,779"
10,California,"316,229","317,622","22,527","2,871","50,618","4,893",693,"24,331","739,784"
11,California,"204,980","347,051","62,274","1,801","103,444","3,202","2,677","27,357","752,786"
12,California,"111,924","324,571","38,543","1,101","241,651","2,945","2,085","26,868","749,688"
13,California,"169,200","264,278","127,178","2,574","152,029","3,328","2,982","34,207","755,776"
14,California,"184,164","258,060","21,168",982,"252,145","10,020","2,461","28,062","757,062"
15,California,"171,040","251,295","45,359","2,071","258,588","8,667",699,"34,081","771,800"
16,California,"447,635","165,221","35,730","4,171","70,753","1,675",731,"14,709","740,625"
17,California,"123,131","187,739","18,171","1,456","401,361","6,288","1,196","21,102","760,444"
18,California,"117,774","406,785","12,715",790,"167,720",984,"2,256","29,750","738,774"
19,California,"316,342","192,674","21,438","1,430","204,996","2,412","2,454","23,397","765,143"
20,California,"388,510","270,159","11,805","1,967","37,037","2,069","1,058","21,147","733,752"
21,California,"535,377","121,487","26,200","3,579","21,187","1,013",159,"7,369","716,371"
22,California,"346,341","297,229","24,444","2,601","53,536",620,868,"15,674","741,313"
23,California,"278,191","347,862","49,665","2,856","38,237","1,195",614,"20,070","738,690"
24,California,"264,994","403,071","13,859","3,190","34,040","1,483",336,"15,784","736,757"
25,California,"268,191","308,131","57,559","1,541","64,591",259,"1,331","18,713","720,316"
26,California,"326,195","316,289","12,377","1,789","50,358","1,457","1,307","15,312","725,084"
27,California,"204,933","193,775","33,402","1,371","277,870","1,520","2,611","17,757","733,239"
28,California,"173,304","401,642","20,873","1,038","94,546",843,"3,311","19,340","714,897"
29,California,"495,946","132,879","27,098",597,"54,581",466,"1,395","7,570","720,532"
30,California,"223,047","384,583","32,445","1,474","101,169",927,"4,934","22,529","771,108"
31,California,"382,284","200,431","75,509","1,956","57,817","3,788","1,573","15,124","738,482"
32,California,"464,333","119,337","12,697","1,423","123,041","1,195","1,271","9,630","732,927"
33,California,"93,500","458,115","25,889","1,120","101,244","3,229","3,196","31,980","718,273"
34,California,"471,669","75,521","33,485","1,530","141,387",693,"1,305","9,560","735,150"
35,California,"529,021","96,384","43,913","1,531","51,580",920,"1,296","15,174","739,819"
36,California,"374,173","301,450","33,339","4,499","23,210","1,291",765,"11,918","750,645"
37,California,"275,177","182,414","168,770",842,"70,178","1,268","3,067","21,065","722,781"
38,California,"453,285","118,992","26,656","2,252","110,743","1,661","1,962","9,882","725,433"
39,California,"255,413","219,155","12,369","1,828","225,540",638,564,"15,817","731,324"
40,California,"631,742","35,342","32,337",802,"17,822",483,606,"1,903","721,037"
41,California,"432,292","186,793","67,628","1,981","37,912","2,690",513,"15,821","745,630"
42,California,"294,532","330,400","37,852","2,689","77,349","1,918",628,"27,492","772,860"
43,California,"359,607","100,255","165,932",807,"93,356","3,597","2,905","17,985","744,444"
44,California,"494,460","48,223","105,283","2,412","46,835","6,332","1,099","7,560","712,204"
45,California,"137,862","396,183","16,640",317,"188,229",741,"1,424","30,154","771,550"
46,California,"496,783","129,518","13,198",994,"87,740","2,226","1,207","6,744","738,410"
47,California,"260,614","219,737","49,123","4,456","157,562","6,491","1,084","19,272","718,339"
48,California,"146,880","407,795","8,755","2,419","131,488","2,878","2,304","21,563","724,082"
49,California,"189,640","452,393","18,380","1,860","50,002","2,355","1,767","19,431","735,828"
50,California,"236,904","418,673","17,127","5,825","45,890","2,864","2,849","23,354","753,486"
51,California,"511,457","94,625","40,629","2,792","63,094","1,424",151,"10,640","724,812"
52,California,"118,641","434,224","20,832",741,"143,186","3,010","1,349","33,515","755,498"
53,California,"265,535","304,953","70,035","1,481","96,994","4,259","3,065","30,261","776,583"
1,Colorado,"221,983","462,987","64,797","3,792","26,488",435,"2,120","21,034","803,636"
2,Colorado,"82,149","645,373","6,469","2,081","26,833",966,"1,434","16,973","782,278"
3,Colorado,"181,423","520,700","7,008","9,484","4,674","1,720","1,507","11,296","737,812"
4,Colorado,"172,040","570,070","9,494","3,165","15,765",549,"1,414","15,443","787,940"
5,Colorado,"121,565","549,927","44,629","2,666","19,789","2,813","2,542","26,851","770,782"
6,Colorado,"163,880","492,279","67,416","1,888","40,091","1,733","3,283","25,586","796,156"
7,Colorado,"221,238","495,907","13,576","3,163","24,944",283,"1,600","17,259","777,970"
1,Connecticut,"112,282","442,160","105,697",950,"34,184",0,"2,414","13,749","711,436"
2,Connecticut,"61,621","576,560","26,814","1,640","22,925",46,497,"19,544","709,647"
3,Connecticut,"115,273","465,302","91,765","1,101","32,797",70,661,"13,524","720,493"
4,Connecticut,"142,700","450,685","86,824",153,"39,198",154,"2,199","14,829","736,742"
5,Connecticut,"121,907","505,089","44,369",391,"26,506",198,"3,604","10,504","712,568"
1,Delaware,"85,306","596,375","200,433","2,397","35,950",265,"3,242","21,966","945,934"
1,Florida,"47,409","551,659","96,488","2,007","16,725",562,865,"35,213","750,928"
2,Florida,"42,242","463,685","177,676","2,350","14,280",664,956,"16,320","718,173"
3,Florida,"60,956","520,528","97,631","1,781","23,695",476,"1,001","15,037","721,105"
4,Florida,"62,312","512,604","108,092",799,"35,057",175,726,"20,539","740,304"
5,Florida,"106,320","234,560","364,560","2,065","17,826",946,"2,055","15,403","743,735"
6,Florida,"59,083","595,298","70,003","2,234","16,856",477,906,"11,124","755,981"
7,Florida,"157,720","465,382","68,679",977,"26,235",613,"3,715","15,046","738,367"
8,Florida,"73,943","552,546","69,424","2,062","15,233",995,773,"15,770","730,746"
9,Florida,"399,489","281,847","86,146",259,"33,039",340,"5,668","12,888","819,676"
10,Florida,"152,056","481,528","95,995","1,483","34,088",575,"5,818","16,649","788,192"
11,Florida,"73,411","585,559","57,808","1,261","10,560",138,"1,720","10,450","740,907"
12,Florida,"102,132","570,895","35,708","2,216","21,078",489,"1,645","13,616","747,779"
13,Florida,"72,211","560,525","37,618","1,675","27,468",774,"1,716","14,442","716,429"
14,Florida,"226,600","305,644","192,188","1,389","18,476",584,"3,140","17,356","765,377"
15,Florida,"131,023","454,893","91,286",901,"32,693",330,717,"16,613","728,456"
16,Florida,"93,612","595,625","52,159",522,"12,846",70,378,"9,596","764,808"
17,Florida,"131,621","520,681","70,537","1,739","9,324",156,893,"12,697","747,648"
18,Florida,"111,507","508,435","96,324","1,706","19,400",42,952,"9,662","748,028"
19,Florida,"156,774","534,899","59,504",417,"12,349",0,"1,121","9,282","774,346"
20,Florida,"167,711","163,076","404,385","1,115","14,575",108,"3,698","13,098","767,766"
21,Florida,"178,409","437,082","100,047","1,213","22,412",118,"6,220","12,691","758,192"
22,Florida,"172,140","445,494","80,399",580,"16,343",394,"2,236","12,716","730,302"
23,Florida,"291,960","319,246","80,055","1,266","28,906",540,"2,694","10,284","734,951"
24,Florida,"241,764","88,230","392,155",123,"13,993",0,"2,062","7,535","745,862"
25,Florida,"542,757","161,872","38,212",917,"15,705",25,"1,884","3,792","765,164"
26,Florida,"541,186","144,948","71,134",360,"13,476",0,"1,457","4,398","776,959"
27,Florida,"566,557","113,746","51,402",242,"11,751",25,"2,397","4,971","751,091"
1,Georgia,"44,890","430,591","210,221","3,215","14,610",749,"1,614","18,458","724,348"
2,Georgia,"35,412","272,671","356,532","1,280","6,816",672,541,"9,964","683,888"
3,Georgia,"38,910","481,530","173,346",969,"11,638",53,"1,830","14,983","723,259"
4,Georgia,"72,162","183,608","437,903",565,"36,149",0,"3,519","12,613","746,519"
5,Georgia,"46,424","216,234","423,800","1,331","33,654",217,"3,278","12,040","736,978"
6,Georgia,"96,154","441,308","91,353","3,093","80,192",116,"3,782","13,645","729,643"
7,Georgia,"147,215","366,915","161,014",916,"104,266",625,"3,171","20,196","804,318"
8,Georgia,"46,687","423,837","205,572",911,"12,239",41,"1,792","11,505","702,584"
9,Georgia,"90,244","554,538","52,891","1,427","9,094",532,"2,069","9,007","719,802"
10,Georgia,"39,450","473,231","186,165",908,"12,261",39,"1,558","12,653","726,265"
11,Georgia,"77,919","503,594","116,894",972,"27,387",396,"2,493","15,091","744,746"
12,Georgia,"44,408","394,350","248,923",845,"9,875",0,"2,514","12,231","713,146"
13,Georgia,"90,311","200,482","434,464",153,"17,980",2,"1,215","10,649","755,256"
14,Georgia,"79,907","539,822","60,776","1,142","7,833",133,"2,057","12,438","704,108"
1,Hawaii,"59,345","118,369","16,231",508,"340,784","47,960",923,"121,653","705,773"
2,Hawaii,"89,360","207,783","11,299","1,731","176,635","77,492",771,"160,759","725,830"
1,Idaho,"89,572","714,522","3,730","10,322","8,421","1,111",195,"21,728","849,601"
2,Idaho,"110,268","652,512","5,098","8,515","11,994",564,273,"16,105","805,329"
1,Illinois,"70,992","255,718","363,186",981,"12,425",153,"1,368","12,624","717,447"
2,Illinois,"93,159","200,179","393,793",361,"5,254",0,"1,312","8,616","702,674"
3,Illinois,"239,834","412,835","36,617",233,"29,406",28,944,"7,587","727,484"
4,Illinois,"496,364","154,976","24,609",764,"24,090",180,"1,006","6,183","708,172"
5,Illinois,"149,303","500,432","20,806",784,"46,171",82,609,"17,798","735,985"
6,Illinois,"86,322","542,050","20,945",340,"63,183",149,715,"12,743","726,447"
7,Illinois,"101,843","202,381","349,860",983,"55,151",9,716,"10,378","721,321"
8,Illinois,"197,735","364,821","31,195",374,"98,193",943,"1,417","15,789","710,467"
9,Illinois,"81,648","462,579","60,784","1,015","96,380",372,"1,364","18,126","722,268"
10,Illinois,"160,421","415,200","49,871",380,"73,770",8,"1,533","13,068","714,251"
11,Illinois,"198,190","383,318","79,176",640,"54,296",74,785,"13,132","729,611"
12,Illinois,"23,119","532,978","118,805","1,352","8,126",162,829,"13,998","699,369"
13,Illinois,"21,633","556,094","78,683",952,"28,225",500,"1,311","19,198","706,596"
14,Illinois,"82,290","579,442","21,875",174,"34,281",147,533,"9,694","728,436"
15,Illinois,"19,414","640,158","31,716",769,"4,294",123,218,"6,961","703,653"
16,Illinois,"66,569","584,431","27,593","1,362","9,544",83,"1,548","10,145","701,275"
17,Illinois,"63,485","524,001","79,828",811,"8,857",81,508,"13,804","691,375"
18,Illinois,"19,667","636,838","24,105",807,"17,949",97,"1,148","12,553","713,164"
1,Indiana,"108,243","450,837","130,509",828,"9,844",583,"1,140","14,511","716,495"
2,Indiana,"68,410","580,675","48,504","1,900","10,849",343,852,"13,882","725,415"
3,Indiana,"44,568","613,290","42,177","2,226","14,260",769,158,"18,416","735,864"
4,Indiana,"44,946","640,033","26,520","1,862","21,269",85,762,"12,124","747,601"
5,Indiana,"33,634","618,067","63,229",467,"24,571",63,609,"19,572","760,212"
6,Indiana,"17,612","661,955","18,783","1,694","10,112",421,595,"10,208","721,380"
7,Indiana,"80,974","406,883","216,631","2,322","22,448",0,"1,487","19,031","749,776"
8,Indiana,"16,027","653,629","28,826","1,201","6,896",0,389,"13,987","720,955"
9,Indiana,"24,680","663,513","21,096","1,575","17,143",50,"1,012","12,913","741,982"
1,Iowa,"28,650","686,402","28,499","2,441","10,272","1,294","1,070","13,260","771,888"
2,Iowa,"42,462","668,746","30,867",868,"18,050",435,"1,994","14,907","778,329"
3,Iowa,"54,484","683,018","32,698","1,997","24,442",884,216,"14,725","812,464"
4,Iowa,"48,722","672,311","12,284","3,513","15,370",408,7,"8,603","761,218"
1,Kansas,"112,958","549,876","20,796","3,626","12,362",919,691,"14,102","715,330"
2,Kansas,"47,616","590,642","30,698","10,007","11,459",61,400,"24,869","715,752"
3,Kansas,"88,598","547,130","63,876","1,642","34,175",126,85,"19,764","755,396"
4,Kansas,"87,149","536,011","52,923","5,933","24,816",274,296,"17,761","725,163"
1,Kentucky,"19,363","634,021","51,734","1,429","3,409",607,500,"12,403","723,466"
2,Kentucky,"23,266","652,961","41,385","1,768","10,428",946,866,"16,025","747,645"
3,Kentucky,"36,839","507,061","156,545","1,340","18,851",424,"1,080","20,688","742,828"
4,Kentucky,"25,177","676,382","25,749",571,"9,385",158,187,"12,840","750,449"
5,Kentucky,"7,534","679,386","10,512","1,385","2,235",240,172,"6,070","707,534"
6,Kentucky,"33,948","618,309","65,267",981,"15,070",226,"1,030","18,339","753,170"
1,Louisiana,"70,298","580,890","112,594","8,597","16,405",142,"1,789","15,425","806,140"
2,Louisiana,"49,873","227,928","473,888","1,499","23,989",0,"2,024","12,192","791,393"
3,Louisiana,"29,493","529,174","190,132","2,824","12,491",80,"1,785","16,438","782,417"
4,Louisiana,"28,158","444,504","257,420","4,402","7,546",408,"2,232","14,243","758,913"
5,Louisiana,"16,885","447,896","268,521","1,548","3,113",70,573,"7,415","746,021"
6,Louisiana,"33,871","524,584","189,276","1,955","17,021",187,"1,498","17,448","785,840"
1,Maine,"11,214","626,135","8,952","1,961","9,216",121,299,"14,111","672,009"
2,Maine,"8,938","617,867","4,902","6,529","3,870",448,124,"14,641","657,319"
1,Maryland,"27,461","580,553","84,033","1,071","16,105",163,786,"15,327","725,499"
2,Maryland,"53,748","387,116","258,806","2,137","39,666",341,"1,698","19,644","763,156"
3,Maryland,"70,567","453,320","147,393","1,311","59,918",349,"3,255","22,570","758,683"
4,Maryland,"115,185","196,899","388,400","1,379","25,861",110,"2,067","15,728","745,629"
5,Maryland,"66,011","349,965","281,826","1,223","31,729",289,"3,648","26,043","760,734"
6,Maryland,"100,739","450,495","102,141",684,"82,774",565,"2,550","21,973","761,921"
7,Maryland,"24,478","238,845","390,965","1,372","53,184",446,"2,164","17,547","729,001"
8,Maryland,"114,074","457,839","90,265","1,169","73,300",132,"4,289","20,710","761,778"
1,Massachusetts,"128,957","535,716","42,631","1,213","14,205",100,854,"12,514","736,190"
2,Massachusetts,"69,120","581,762","36,385","1,435","39,097",118,"3,893","13,076","744,886"
3,Massachusetts,"142,894","509,562","21,471",836,"65,072",0,"3,248","10,985","754,068"
4,Massachusetts,"35,802","631,139","20,379",256,"44,168",92,"3,652","14,843","750,331"
5,Massachusetts,"63,359","556,196","35,669",965,"83,586",323,"5,641","20,183","765,922"
6,Massachusetts,"65,669","624,787","23,653",896,"31,181",0,"3,221","11,759","761,166"
7,Massachusetts,"170,301","314,589","190,074",712,"78,082",47,"6,528","17,255","777,588"
8,Massachusetts,"44,948","565,172","68,296",190,"60,196",0,"10,671","15,316","764,789"
9,Massachusetts,"36,898","639,675","21,326",659,"13,005",0,"11,640","16,279","739,482"
1,Michigan,"13,902","636,985","11,232","17,380","4,619",386,359,"15,273","700,136"
2,Michigan,"68,231","578,546","47,273","3,095","15,259",0,"1,624","17,160","731,188"
3,Michigan,"53,438","580,627","57,289","2,611","15,325",278,708,"20,147","730,423"
4,Michigan,"22,859","641,244","13,364","5,478","6,620",741,453,"10,876","701,635"
5,Michigan,"32,146","506,729","113,760","1,263","7,143",0,360,"21,315","682,716"
6,Michigan,"42,483","577,519","57,357","2,354","10,623",112,614,"22,582","713,644"
7,Michigan,"29,680","613,946","29,461","2,177","6,971",290,768,"14,334","697,627"
8,Michigan,"35,125","603,939","37,576","1,061","30,685",410,376,"19,609","728,781"
9,Michigan,"15,540","555,443","95,603","2,789","29,744",175,"2,197","16,150","717,641"
10,Michigan,"23,752","644,244","19,356",947,"12,587",81,500,"14,068","715,535"
11,Michigan,"25,826","559,802","43,852","2,105","72,723",0,"1,874","14,403","720,585"
12,Michigan,"41,084","533,181","72,960","1,557","39,045",206,"1,243","18,744","708,020"
13,Michigan,"48,394","231,787","375,320","1,725","9,174",341,"2,141","10,353","679,235"
14,Michigan,"33,512","222,427","388,679","1,514","31,780",215,"2,114","15,169","695,410"
1,Minnesota,"41,507","579,022","18,333","1,471","18,466",90,409,"9,443","668,741"
2,Minnesota,"40,193","570,472","27,710","2,301","32,847",151,619,"20,736","695,029"
3,Minnesota,"30,328","551,676","50,206","1,485","48,752",264,"1,680","15,730","700,121"
4,Minnesota,"46,970","475,775","68,243","2,946","84,789",181,786,"24,468","704,158"
5,Minnesota,"65,842","444,415","117,612","5,050","45,064",0,"2,009","27,586","707,578"
6,Minnesota,"18,238","618,152","16,597","2,432","16,312",42,332,"14,929","687,034"
7,Minnesota,"27,829","592,451","8,356","18,953","6,153",561,266,"8,694","663,263"
8,Minnesota,"11,133","609,677","6,100","15,596","4,676",231,224,"16,033","663,670"
1,Mississippi,"24,742","510,123","209,126",656,"4,839",402,664,"8,213","758,765"
2,Mississippi,"13,701","219,675","480,010","1,710","5,012",0,383,"3,584","724,075"
3,Mississippi,"16,026","451,096","256,406","6,924","8,676",265,409,"5,673","745,475"
4,Mississippi,"31,289","524,150","180,784","2,069","12,013",70,230,"13,413","764,018"
1,Missouri,"26,755","303,085","360,477",698,"22,456",562,941,"21,081","736,055"
2,Missouri,"20,096","668,934","28,378","1,642","33,289",223,587,"14,382","767,531"
3,Missouri,"16,735","707,856","25,864","2,418","9,256",119,829,"11,822","774,899"
4,Missouri,"28,741","660,152","38,881","2,968","11,600",410,628,"19,383","762,763"
5,Missouri,"67,416","485,175","164,814","3,145","14,990","2,429","1,413","18,538","757,920"
6,Missouri,"29,487","674,375","34,776","2,492","7,495",533,115,"16,394","765,667"
7,Missouri,"38,389","680,176","13,667","6,996","10,462","1,150",134,"19,099","770,073"
8,Missouri,"12,794","679,015","37,930","2,367","4,364",96,0,"12,198","748,764"
1,Montana,"37,302","894,545","4,289","62,709","8,643","1,034",141,"24,286","1,032,949"
1,Nebraska,"57,948","524,560","18,863","6,978","15,298",604,142,"13,927","638,320"
2,Nebraska,"71,614","477,844","63,369","3,014","20,406",74,"1,608","14,941","652,870"
3,Nebraska,"67,406","515,616","6,086","4,628","3,831",148,504,"6,781","605,000"
1,Nevada,"328,432","215,819","68,431","2,619","59,521","4,072","2,667","21,738","703,299"
2,Nevada,"158,039","469,654","12,635","12,754","25,935","3,097",991,"23,359","706,464"
3,Nevada,"125,431","434,976","52,954","3,807","101,839","5,390","2,041","32,238","758,676"
4,Nevada,"201,492","340,239","102,548","5,262","41,011","3,665","1,223","26,966","722,406"
1,New Hampshire,"24,624","611,349","10,813",297,"12,185",165,930,"11,277","671,640"
2,New Hampshire,"19,731","598,668","7,682",872,"21,589",89,274,"10,063","658,968"
1,New Jersey,"96,234","463,191","117,560",204,"39,283",330,"2,868","19,238","738,908"
2,New Jersey,"116,410","474,091","82,949","1,339","29,164",66,209,"16,865","721,093"
3,New Jersey,"59,066","555,385","74,561",476,"26,604",0,544,"18,700","735,336"
4,New Jersey,"77,297","574,283","44,888",167,"32,962",423,"2,522","9,589","742,131"
5,New Jersey,"94,463","526,277","35,373",968,"74,725",802,"1,149","9,667","743,424"
6,New Jersey,"162,318","357,213","75,991","1,234","142,059",204,"1,738","12,954","753,711"
7,New Jersey,"84,610","536,473","31,395",136,"75,692",0,"1,941","12,880","743,127"
8,New Jersey,"422,100","192,791","69,790","1,067","63,030",414,"7,194","11,066","767,452"
9,New Jersey,"277,849","291,104","71,538",848,"107,008",265,"1,353","10,875","760,840"
10,New Jersey,"158,884","155,527","372,424",737,"57,453",149,"8,073","11,437","764,684"
11,New Jersey,"84,689","540,496","26,656",151,"70,673",37,393,"12,562","735,657"
12,New Jersey,"128,259","353,976","131,101",641,"123,568",17,"4,169","9,919","751,650"
1,New Mexico,"340,991","277,223","16,336","25,530","15,339",296,"1,461","13,395","690,571"
2,New Mexico,"378,411","262,515","13,433","34,652","5,252",137,922,"8,405","703,727"
3,New Mexico,"281,862","258,371","11,828","117,347","6,951",426,"1,210","12,816","690,811"
1,New York,"107,873","543,986","37,260","1,422","26,443",0,"2,297","7,308","726,589"
2,New York,"164,703","450,830","64,176",282,"28,725",61,"1,979","10,282","721,038"
3,New York,"74,127","497,044","22,376",598,"112,954",270,"5,259","9,136","721,764"
4,New York,"149,426","406,460","105,537",884,"48,429",0,"4,578","8,066","723,380"
5,New York,"164,851","81,102","367,744","1,819","107,031",61,"36,232","21,056","779,896"
6,New York,"138,234","255,434","28,387","1,213","298,968",101,"4,952","17,273","744,562"
7,New York,"305,367","233,192","56,066","1,026","139,117",208,"5,199","13,117","753,292"
8,New York,"137,928","183,275","385,520","1,372","46,251",138,"3,895","11,416","769,795"
9,New York,"93,908","236,761","358,633",386,"51,400",0,"3,569","14,568","759,225"
10,New York,"88,635","445,411","31,461","2,468","141,802",13,"3,352","15,181","728,323"
11,New York,"123,618","434,145","50,959",900,"98,316",313,"1,823","11,359","721,433"
12,New York,"99,792","476,668","30,611",839,"104,159",258,"2,461","19,158","733,946"
13,New York,"430,217","117,098","189,714",265,"33,199",357,"2,002","17,582","790,434"
14,New York,"342,485","166,040","69,884","1,066","127,013",203,"3,452","10,547","720,690"
15,New York,"503,654","23,845","210,596","2,146","13,079",0,"2,793","6,437","762,550"
16,New York,"186,045","279,193","227,425",886,"37,433",145,"7,823","9,773","748,723"
17,New York,"165,036","442,562","71,969","1,123","46,012",104,"2,916","12,829","742,551"
18,New York,"118,300","494,154","67,564","1,528","21,801",252,"2,941","13,728","720,268"
19,New York,"51,710","598,459","28,828",386,"11,380",318,783,"13,180","705,044"
20,New York,"46,037","555,060","61,162",731,"37,528",390,"4,840","21,468","727,216"
21,New York,"23,524","644,891","22,055","2,697","6,710",383,326,"10,256","710,842"
22,New York,"26,099","623,259","26,028","1,259","19,416",598,487,"14,245","711,391"
23,New York,"26,115","624,828","19,793","3,645","18,362",180,"1,204","14,245","708,372"
24,New York,"31,211","578,977","56,679","3,345","18,964",427,"2,176","17,180","708,959"
25,New York,"62,040","506,970","109,251","1,600","28,411",99,"1,127","13,458","722,956"
26,New York,"46,397","488,749","129,293","2,811","28,742",192,"2,670","15,904","714,758"
27,New York,"17,861","662,458","16,989","3,434","7,889",91,517,"8,555","717,794"
1,North Carolina,"64,413","252,914","379,068","5,024","11,191",437,443,"14,998","728,488"
2,North Carolina,"89,775","513,651","129,692","6,899","31,880",762,"1,842","21,699","796,200"
3,North Carolina,"52,881","531,195","138,766","1,961","10,204",328,"1,887","19,753","756,975"
4,North Carolina,"98,365","386,308","250,211","4,025","49,236",698,"2,691","19,529","811,063"
5,North Carolina,"66,165","565,482","96,270","2,274","13,731",306,"2,269","8,714","755,211"
6,North Carolina,"45,774","551,476","120,231","1,617","17,187",120,"1,281","15,874","753,560"
7,North Carolina,"80,286","541,189","128,389","14,466","6,319",46,302,"14,127","785,124"
8,North Carolina,"70,346","459,793","147,496","52,657","6,914",0,"1,218","11,679","750,103"
9,North Carolina,"73,738","586,465","109,652","2,267","38,797",0,"1,284","16,726","828,929"
10,North Carolina,"47,724","589,567","87,342","2,452","11,303",0,"1,462","12,059","751,909"
11,North Carolina,"44,068","637,584","23,210","12,180","8,945",224,"2,825","10,748","739,784"
12,North Carolina,"111,545","228,235","388,188","2,700","40,913",46,"3,073","19,264","793,964"
13,North Carolina,"66,594","544,009","143,303",980,"19,384",0,"1,477","15,745","791,492"
1,North Dakota,"26,059","650,304","15,387","36,789","9,696",445,434,"17,814","756,928"
1,Ohio,"19,620","506,408","160,670",578,"23,054",94,"1,307","18,246","729,977"
2,Ohio,"15,906","628,340","60,591","1,325","9,611",0,443,"14,509","730,725"
3,Ohio,"50,828","408,162","248,340","1,223","27,041",145,"1,289","30,267","767,295"
4,Ohio,"26,492","627,023","37,484","1,948","6,601",0,"1,391","12,363","713,302"
5,Ohio,"37,265","643,068","19,393",449,"8,551",224,273,"12,255","721,478"
6,Ohio,"6,673","659,971","16,492","1,249","3,024",0,694,"11,114","699,217"
7,Ohio,"15,688","678,938","28,669",584,"5,315",60,475,"15,862","745,591"
8,Ohio,"24,413","627,646","40,873",495,"13,535","1,975",452,"18,200","727,589"
9,Ohio,"75,476","481,966","119,463","1,294","9,161",368,819,"21,205","709,752"
10,Ohio,"19,324","541,200","117,936","1,063","15,091",141,"1,838","23,448","720,041"
11,Ohio,"31,991","264,840","367,843","1,516","18,374",63,"1,371","18,491","704,489"
12,Ohio,"16,335","660,212","35,607","1,263","27,689",76,"2,981","21,134","765,297"
13,Ohio,"23,303","577,060","80,048","1,036","11,694",32,130,"16,674","709,977"
14,Ohio,"18,315","640,316","30,844",512,"14,338",141,394,"11,224","716,084"
15,Ohio,"14,839","662,985","29,820",352,"22,605",302,"1,051","15,537","747,491"
16,Ohio,"14,734","647,528","15,433",857,"15,752",299,70,"10,445","705,118"
1,Oklahoma,"86,140","515,404","68,614","40,495","20,636",214,"1,821","59,370","792,694"
2,Oklahoma,"38,464","483,538","26,084","120,126","3,771","1,527",415,"77,005","750,930"
3,Oklahoma,"76,060","578,584","29,051","43,984","10,692",394,255,"40,693","779,713"
4,Oklahoma,"65,597","553,761","49,479","34,563","17,884",607,"1,420","54,693","778,004"
5,Oklahoma,"130,203","466,224","107,598","33,874","24,945",543,"1,214","45,396","809,997"
1,Oregon,"118,601","588,677","13,342","3,511","61,327","2,122",849,"31,876","820,305"
2,Oregon,"107,806","640,761","4,917","14,317","7,363","1,233",249,"21,515","798,161"
3,Oregon,"91,621","582,270","41,007","4,755","56,673","4,377","1,539","33,667","815,909"
4,Oregon,"60,526","656,161","6,566","8,391","17,041","1,251",453,"30,777","781,166"
5,Oregon,"133,344","614,742","7,596","7,019","20,141","4,376",0,"26,218","813,436"
1,Pennsylvania,"123,932","284,391","241,691",409,"53,913",0,"1,371","14,904","720,611"
2,Pennsylvania,"44,778","212,834","408,870","2,137","36,276",633,"3,666","16,224","725,418"
3,Pennsylvania,"16,077","632,688","29,093",702,"6,360",125,977,"15,870","701,892"
4,Pennsylvania,"52,245","585,681","52,248",792,"18,377",102,919,"14,527","724,891"
5,Pennsylvania,"13,129","644,589","17,273",635,"12,747",393,799,"9,543","699,108"
6,Pennsylvania,"43,307","597,631","31,484",263,"37,096",304,"1,045","9,522","720,652"
7,Pennsylvania,"27,813","595,681","36,151",525,"36,264",0,579,"12,610","709,623"
8,Pennsylvania,"35,083","599,805","26,748","1,065","33,585",0,894,"9,903","707,083"
9,Pennsylvania,"15,368","645,535","19,160",249,"4,323",0,511,"11,399","696,545"
10,Pennsylvania,"28,044","634,314","25,417","1,159","6,579",107,937,"9,045","705,602"
11,Pennsylvania,"43,404","603,503","36,092",629,"9,162",0,432,"11,694","704,916"
12,Pennsylvania,"11,638","643,708","21,128",379,"11,856",145,420,"11,065","700,339"
13,Pennsylvania,"84,031","423,026","134,441",682,"67,232",87,"3,933","15,669","729,101"
14,Pennsylvania,"15,075","488,320","145,911",550,"23,593",221,"1,719","24,074","699,463"
15,Pennsylvania,"114,311","549,343","29,224",879,"20,353",0,530,"13,404","728,044"
16,Pennsylvania,"134,138","528,601","41,854",633,"12,600",45,816,"13,908","732,595"
17,Pennsylvania,"58,154","563,916","37,671",149,"12,971",90,"1,317","12,624","686,892"
18,Pennsylvania,"9,682","657,078","14,645",477,"13,705",151,343,"13,647","709,728"
1,Rhode Island,"86,661","364,692","39,467","1,426","19,040",77,"5,817","15,377","532,557"
2,Rhode Island,"65,424","410,471","17,897","1,916","16,080",134,862,"10,957","523,741"
1,South Carolina,"46,433","528,361","146,612","1,866","13,670",794,587,"13,356","751,679"
2,South Carolina,"37,713","469,898","163,519","1,018","13,500",642,629,"14,880","701,799"
3,South Carolina,"35,355","504,342","121,265","1,368","4,109",2,632,"13,746","680,819"
4,South Carolina,"54,758","485,946","134,743","1,082","17,956",951,615,"13,580","709,631"
5,South Carolina,"25,490","452,753","194,390","2,156","7,931",72,821,"9,689","693,302"
6,South Carolina,"32,843","228,415","378,247","1,043","6,618",263,847,"13,245","661,521"
7,South Carolina,"29,963","450,092","193,211","3,657","6,431",385,"2,062","11,594","697,395"
1,South Dakota,"30,079","710,681","12,807","68,201","11,901",712,"1,723","22,365","858,469"
1,Tennessee,"24,947","651,895","17,597","2,392","4,219",169,332,"10,482","712,033"
2,Tennessee,"28,308","630,794","43,888","1,433","10,732",736,476,"15,745","732,112"
3,Tennessee,"27,794","596,113","77,228","2,953","8,544",65,651,"13,072","726,420"
4,Tennessee,"44,946","609,692","65,499","1,204","12,421",86,"1,325","20,208","755,381"
5,Tennessee,"69,661","456,928","184,916","2,859","21,779",0,"3,880","19,777","759,800"
6,Tennessee,"30,800","659,513","32,205","2,410","6,263",280,985,"12,621","745,077"
7,Tennessee,"36,649","607,114","77,069","1,869","15,147",748,910,"14,344","753,850"
8,Tennessee,"19,484","515,924","145,420","2,071","13,963",159,"1,465","11,261","709,747"
9,Tennessee,"50,871","171,834","457,046",412,"13,307",492,"1,845","10,072","705,879"
1,Texas,"122,556","447,146","127,222","1,474","7,535",5,541,"9,282","715,761"
2,Texas,"227,130","362,504","87,343","1,248","59,917",136,"2,391","13,194","753,863"
3,Texas,"124,647","479,132","70,809","3,694","121,473",666,"1,549","17,656","819,626"
4,Texas,"97,896","521,237","76,121","5,803","6,513",94,"1,149","16,399","725,212"
5,Texas,"206,009","396,471","113,172","1,934","15,108",308,262,"10,614","743,878"
6,Texas,"164,637","373,309","150,897","1,965","35,744","1,296","1,595","13,556","742,999"
7,Texas,"242,199","347,259","92,799",243,"79,749",117,"2,098","13,176","777,640"
8,Texas,"173,045","520,477","62,843","4,217","23,233",100,332,"17,940","802,187"
9,Texas,"299,554","85,099","294,750",889,"93,368",696,"1,489","6,709","782,554"
10,Texas,"228,951","416,037","86,382","1,440","44,965",195,"2,804","11,996","792,770"
11,Texas,"291,656","422,529","26,783","1,806","8,085",362,782,"9,150","761,153"
12,Texas,"172,563","499,456","64,437","2,180","31,080","1,605",549,"16,511","788,381"
13,Texas,"187,164","450,957","35,241","4,507","14,860",671,457,"13,508","707,365"
14,Texas,"179,820","380,272","143,928","1,257","19,246",209,356,"14,789","739,877"
15,Texas,"617,572","121,929","14,657",242,"8,039",200,540,"3,163","766,342"
16,Texas,"589,009","105,539","27,463","1,823","10,353",0,"1,404","5,571","741,162"
17,Texas,"186,295","416,106","96,428","1,185","37,302",54,172,"12,598","750,140"
18,Texas,"326,443","123,905","275,252","1,265","29,642",111,"2,127","5,877","764,622"
19,Texas,"264,606","394,121","40,666","2,727","9,409",107,935,"12,946","725,517"
20,Texas,"525,191","169,339","42,405","1,027","22,326","1,150",556,"12,527","774,521"
21,Texas,"219,618","476,050","30,213","1,588","28,489",513,"1,273","13,625","771,369"
22,Texas,"215,021","356,182","113,971","2,776","154,807",95,"1,925","16,793","861,570"
23,Texas,"521,424","184,444","21,889","2,535","10,908",95,463,"5,974","747,732"
24,Texas,"191,979","377,578","77,181","2,094","105,439","2,270","2,733","20,694","779,968"
25,Texas,"134,116","529,902","51,300","2,088","20,054","4,371",928,"19,275","762,034"
26,Texas,"144,687","534,310","65,815","2,359","52,268",0,595,"18,091","818,125"
27,Texas,"385,429","293,565","35,564","1,526","11,082",356,376,"6,815","734,713"
28,Texas,"566,908","115,412","26,419",775,"7,713",0,956,"6,784","724,967"
29,Texas,"586,477","72,794","81,866",738,"11,936",246,286,"4,428","758,771"
30,Texas,"294,909","112,145","325,288","1,095","11,717",73,263,"8,892","754,382"
31,Texas,"195,546","456,764","86,800","1,153","38,296","1,336","1,063","24,016","804,974"
32,Texas,"194,345","373,840","100,529","1,603","57,862",64,"1,037","19,246","748,526"
33,Texas,"496,209","103,504","119,274","1,005","14,550",0,2,"5,779","740,323"
34,Texas,"606,908","107,534","8,805",999,"4,380",86,363,"1,832","730,907"
35,Texas,"519,643","209,616","66,181",983,"14,454",191,"1,634","11,207","823,909"
36,Texas,"172,054","458,598","68,761","2,060","14,982",433,427,"13,959","731,274"
1,Utah,"95,596","602,294","7,140","6,801","9,904","1,997",445,"16,220","740,397"
2,Utah,"114,689","575,421","8,406","5,513","21,930","8,284","1,005","14,959","750,207"
3,Utah,"76,186","612,330","3,961","12,018","15,361","4,548",621,"18,276","743,301"
4,Utah,"122,839","574,115","12,991","5,252","20,953","8,799",710,"16,355","762,014"
1,Vermont,"10,422","584,851","7,694","2,277","8,627",282,950,"10,939","626,042"
1,Virginia,"72,456","511,365","131,108","1,817","26,911",754,"1,080","25,746","771,237"
2,Virginia,"59,560","458,811","160,316","2,164","39,209",485,"1,585","26,359","748,489"
3,Virginia,"43,751","234,729","417,135","2,669","12,794",611,"2,562","23,977","738,228"
4,Virginia,"40,788","440,071","233,815","2,157","16,697",598,"1,296","18,477","753,899"
5,Virginia,"25,120","539,096","143,988",783,"13,230",190,903,"13,541","736,851"
6,Virginia,"38,565","592,951","80,483","1,501","13,458",241,969,"17,199","745,367"
7,Virginia,"49,532","550,112","117,417","1,983","39,124",302,"2,064","17,946","778,480"
8,Virginia,"161,845","416,170","106,195",427,"95,155",555,"2,836","25,169","808,352"
9,Virginia,"16,628","642,518","39,289",318,"9,615",45,"2,921","9,113","720,447"
10,Virginia,"105,618","498,189","53,146","1,590","113,337","1,011","4,881","29,898","807,670"
11,Virginia,"139,490","355,467","100,157","1,006","140,380",265,"2,369","34,839","773,973"
1,Washington,"65,521","532,498","7,546","6,865","72,085","1,188",799,"26,549","713,051"
2,Washington,"76,094","520,441","19,575","8,216","61,769","4,774","1,078","35,004","726,951"
3,Washington,"66,679","574,343","9,367","5,665","22,971","2,674",581,"29,289","711,569"
4,Washington,"272,713","386,595","5,853","14,957","9,348",233,920,"19,079","709,698"
5,Washington,"43,664","585,213","10,260","9,955","16,074","3,171",624,"27,465","696,426"
6,Washington,"49,160","529,063","21,710","12,932","26,220","3,471",876,"37,471","680,903"
7,Washington,"53,697","523,183","35,010","4,929","81,996","4,143","2,007","41,352","746,317"
8,Washington,"81,057","520,332","21,433","5,651","67,029","2,881",843,"31,101","730,327"
9,Washington,"92,236","343,523","78,166","3,203","161,119","10,801",883,"38,331","728,262"
10,Washington,"85,598","481,682","44,300","10,108","45,093","12,240","1,322","46,504","726,847"
1,West Virginia,"8,001","574,787","14,564",416,"5,892",339,311,"10,649","614,959"
2,West Virginia,"12,496","568,550","29,779",421,"5,042",60,992,"11,539","628,879"
3,West Virginia,"6,166","558,728","25,267","1,239","3,144",80,186,"5,480","600,290"
1,Wisconsin,"69,717","574,943","38,944","2,504","15,973",59,388,"11,545","714,073"
2,Wisconsin,"46,095","620,736","32,017","2,635","30,742",211,371,"17,238","750,045"
3,Wisconsin,"17,774","662,807","7,081","4,118","16,871",76,352,"10,185","719,264"
4,Wisconsin,"121,065","309,191","237,562","3,062","26,669",130,887,"18,432","716,998"
5,Wisconsin,"42,077","632,379","16,285","1,377","18,218",217,227,"13,073","723,853"
6,Wisconsin,"31,886","636,416","11,615","3,037","17,993",122,257,"9,238","710,564"
7,Wisconsin,"15,857","650,963","4,566","13,471","11,613",412,350,"11,817","709,049"
8,Wisconsin,"36,678","634,248","8,951","17,141","16,634",169,"1,615","12,055","727,491"
1,Wyoming,"57,845","492,659","4,704","12,140","4,885",237,96,"13,541","586,107"